summary,type,conversation_id
"In this conversation, two friends, Speaker 1 and Speaker 2 discussed Speaker 2's hobbies and interests, including movie recommendations, book preferences, artistic interests and recent entertainment trends.

Speaker 1 asked Speaker 2 about their recent movie or TV show recommendations. Speaker 2 mentioned not having seen many recent movies but shared their enjoyment of movies in the past and mentioned their fondness for mystery and intrigue but expressed dissatisfaction with the ending of the movie Execution.

Speaker 1 inquired about any new books or authors that Speaker 2 had discovered and enjoyed. Speaker 2 mentioned a book called ""Bloody Rose"" by Nicholas Eames but stated that they had not finished reading the book yet. They appreciated the book's focus on a small group of characters and their daily lives, unlike many other books that primarily focus on mythology and action. Speaker 1 expressed interest in borrowing the book and requested Speaker 2 to bring it along when the two meet.

Speaker 1 asked about concerts or live performances that Speaker 2 had recently attended. Speaker 2 mentioned not attending concerts due to noise, distractions, and the concert atmosphere. and stated a preference for listening to music in a comfortable space without external effects. Speaker 1 shared a fondness for concerts, considering them as a form of reward for hard work.

When asked about art exhibitions or galleries visited recently and what had left a lasting impression, Speaker 2 revealed a focus on specific art styles and their origins rather than the overall feeling of the art. They discussed their views on art, highlighting the differences between their perspective as an engineer and the artistic perspective, which Speaker 1 found intriguing. When asked about favourite musicians or bands, Speaker 2 mentioned not having a specific favourite genre but instead enjoyed songs based on their beat and lyrics. They were not a fan of country music but still found enjoyable songs within the genre, and expressed the belief that exploring different music genres is better than gravitating towards just a few. When asked, Speaker 2 also mentioned not being up to date on recent movies and TV shows and lacking motivation since 2020. They mentioned enjoying Marvel's Phase Three of the Cinematic Universe, but having reservations about Phase Four and the shift to TV shows.

Lastly, when asked about current artistic or creative projects, Speaker 2 mentioned not currently working on any.",Transcript,A2083868_20230520-170456
"In the morning, Speaker 1 greeted Speaker 2 and soon brought up news about the government offering student loans to assist those struggling with tuition. Speaker 2 expressed concern about his own upcoming fees, and Speaker 1, having considered this earlier, reassured him. Speaker 1 then shifted the topic to an exciting professional opportunity: they had secured a leading role for Speaker 2 in an upcoming major movie project, though an audition was still necessary. The conversation returned to student loans, with Speaker 1 asking if Speaker 2 had all the necessary documents. While Speaker 2 confirmed he had most of the documents, he lacked his birth certificate. Speaker 1 eased his concerns, suggesting it might not be crucial for the loan application. Grateful for all the assistance and opportunities, Speaker 2 expressed deep appreciation to Speaker 1.",SMS,M47320112_3479539122
"Speaker 1 initiated the topic of starting a business, catching Speaker 2 slightly off-guard. It was Speaker 1 who unveiled that he and his girlfriend were thinking of launching a coffee shop and suggested a partnership, given Speaker 2's earlier expression of interest in business. When diving into the specifics, Speaker 1 proposed the idea of considering their target market first. Speaker 2 then suggested focusing on college students, while Speaker 1 added cyclists and joggers to the potential customer list.

Pivoting to logistics, Speaker 1 led with the idea of using their cars to set up mobile stalls. Upon discussing the crucial element of obtaining permits, Speaker 1 assured Speaker 2 of his connections in the local government to facilitate the process. Moving onto product specifics, Speaker 2 steered the conversation towards the type of coffee they'd offer. They both concluded that starting with cold brews was a prudent decision. As they browsed equipment online, Speaker 1 shared the prices and emphasised the superiority of freshly ground beans. When the matter of storage came up, Speaker 1 illustrated the kind of containers they might need, referencing those used in milk tea shops.

As their chat neared its end, Speaker 1 brought up the subject of experimenting with coffee recipes and the potential addition of pastries to their menu. They mutually decided on meeting the next day to further detail their venture.",SMS,M47309081_3479550970
"Speaker 1 (Mani) and Speaker 2 (Saras) excitedly discussed planning a dream trip to the Himalayas. They exchanged ideas about ensuring their journey was safe, adventurous, immersive, and eco-friendly. The friends spoke about preparing necessary travel permits, researching language basics for easier communication with locals, and planning an itinerary. They also discussed the importance of sustainable travel, such as finding eco-friendly accommodations and minimising their environmental impact. After planning their adventure, they agreed to create a keepsake, like a scrapbook or photo collage, to cherish the memories. The conversation concluded with both expressing gratitude towards each other and a shared eagerness to turn their dream into reality.

In their second discussion, Mani and Saras delved into the rich history and evolution of cricket. They expressed nostalgia about watching matches in their childhood and the unity the sport brings. The conversation led to planning a cricket-themed viewing party with friends, a chance to recreate the sense of community they enjoyed when younger. They enthusiastically brainstormed about making the event memorable and unique, ending the conversation on a positive note and with anticipation for the upcoming gathering.",SMS,M47313621_3481951209
"Two speakers plan a trip to travel around South East Asia during the pleasant weather of the fall season, considering a moderate budget and with two months to plan and save for the trip. Thailand, Cambodia and Vietnam intrigued Speaker 1 who spoke of embracing spontaneity and Cristian (Speaker 2) interests were expressed as exploration, unforgettable memories, stunning landscapes, culture and food. Speaker 1 agreed to plan flights, accommodation, travel and vaccinations. Cristian made plans to research daily expenses, local transport and planning activities. Travel planning tasks divided, both agreed to keep each other updated.",SMS,M47300912_3467092229
"Speaker 1 initiated a discussion with April about the stock market, specifically expressing an interest in tech stocks. April, known as Speaker 2, underlined the need for thorough research. Speaker 1 then changed the subject to a recent volleyball game in which their team had advanced to the finals. April redirected the conversation back to finances by addressing the costs of attending such games. Subsequently, Speaker 1 asked about mortgage types, starting a side business, investing in cryptocurrency, the city's potential need for a new sports stadium, retirement planning, and team trade strategies. Each time, April provided advice or insights on the respective topic.

Further, Speaker 1 brought up credit card rewards and contemplated taking a home renovation loan, with April advising caution and thoughtful consideration. Drawing parallels between sports and finance, Speaker 1 mentioned the influence of successful athletes like LeBron James in making smart financial choices. As the conversation drew to a close, April and Speaker 1 revealed their upcoming financial strategies, likening them to sports tactics. The chat concluded with both recognising the importance of adaptable and well-informed financial decisions, as they do in sports.",SMS,M47319780_3483957241
"In this conversation, Speaker 1 and Speaker 2 discussed a misplaced bad and climate change.

Speaker 1 shared the sad news of leaving behind a favourite red bag on the bus last night but there was nothing valuable in it. Speaker 2 empathised and asked if the bus station had or lost but found had been contacted. Speaker 1 already contacted and was hoping someone turns it in. Speaker 1 loved the bag so much and got it from a friend as a birthday gift. Speaker 2 understood it was hard to replace something that held such sentimental value.

Speaker 2 shared that climate change and severe heat had been bothering lately. Speaker 2 shared that the heat had made the summer unbearable, with frequent intense heatwaves and it was difficult to find relief even indoors. They discussed how extreme weathers had become frequent in recent years and shared an incident from last year, when the house was hit by a powerful hurricane which caused significant damages. They discussed the importance of raising awareness and advocating for policy changes that promoted sustainability and environmental protection. They discussed the effect of climate change such as rising temperatures, extreme weather events, sea-level rise, and also its impacts on the economy, health and social justice. They both agreed that climate change disproportionately affected marginalised communities, including indigenous people and vulnerable communities. Speaker 2 mentioned the need to transition to renewable energy sources and reduce greenhouse gas emission. They decided to promote circular economy practices and engage in small changes such as conserving energy, reducing waste, and supporting sustainable products. Speaker 2 mentioned the need for education and awareness to inspire a collective effort to combat climate change. They were excited about their shared vision and decided to commit to making an impact.",SMS,M47230666_3474910022
"Speaker 1 initiated a dialogue on climate change, expressing concerns about its escalating impact with Speaker 2. They underscored the importance of individual efforts and collective action, sharing their personal eco-friendly habits. Both expressed concerns about the lack of adequate policy-level action and the need for more accountability from authorities. They also discussed local impacts, recognising the need for more investment in renewable energy and sustainable practises.

They shared experiences with documentaries that raised their awareness about climate change and expressed the potential of social media for advocacy. Speaker 2 showed interest in joining local climate action groups and participating in a nearby reforestation project. They confessed their personal challenges in maintaining a sustainable lifestyle and underlined the need to support eco-friendly businesses.

They celebrated visible positive changes in their communities and stressed the need for climate change prioritisation in government policies. The conversation also touched on innovative solutions, carbon pricing, and climate education. They concluded the discussion on a proactive note, deciding to attend a webinar on sustainable cities and use their networks for further advocacy.",SMS,M47322709_3479549580
"In a conversation between two individuals, Speaker 1 playfully reproached Speaker 2 for not responding to prior messages. As they caught up, Speaker 1 expressed frustrations about the current job, feeling overwhelmed with unfamiliar tasks and suspecting colleagues of tarnishing reputation with the boss. Speaker 1 suggested raising concerns over unfamiliar tasks with the boss. While Speaker 1 doubted the effectiveness of directly addressing the issue with the boss, Speaker 2 advised Speaker 1 to communicate willingness to work while seeking guidance. Speaker 2 emphasised the importance of maintaining a positive demeanour during this conversation and ensure open lines of communication moving forward. The chat concluded with plans for a future meet-up for coffee and Speaker 1 thanked Speaker 2 for the helpful advice.",SMS,M46270333_3483957176
"In this conversation over several days, Juvie and Speaker 1 had an entertaining conversation and made plans to play games.

Juvie suggested playing games with Speaker 1 and then retracted the statement because the power outage wouldn't let them play. Speaker 1 then stated that they could still play because there was backup power and Juvie agreed. The speakers wanted to wait for others to join the game, but they weren't available. They then decided to carry on with their gaming. Before that, Juvie had mentioned watching a movie and Speaker 1 asked what movie it was. Juvie then replied that the movie was titled 'King of Land'. Speaker 1 then stopped their game because the son, Luke, had accidentally swallowed coins.

At a later time, Juvie asked Speaker 1 how Luke was fairing and Speaker 1 replied that he was doing okay. The speakers then joined the game together and played. At another time, the speakers shared information about their location and Speaker 1 mentioned that Juvie's cooking was missed. Juvie then asked Speaker 1 to come over and Speaker 1 replied that it would be soon.",SMS,M47318794_3481564927
"In this conversation, Mum and Speaker 2 talked about Modi and how he was making India proud. They also discussed about his chances in the elections coming up.

Mum complained about her legs making it hard to work and manage Dad, and Speaker 2 urged her to visit a doctor.

Mum then told Speaker 2 how Modi was making their country proud by giving a speech in the United States senate and having dinner with the top Chief Executive Officers in the world. Speaker 2 added that a relationship between the United States and India was imminent because United States companies were investing in India, who had the largest economy in the world. Mum and Speaker 2 also talked about how the opposition making fun of Modi's grammatical errors were only banking on the elite classes. They also discussed Modi's chances in the elections coming up as well as the status of other politicians. Speaker 2 mentioned that the level of inflation, high petrol prices, and the Odisha train accident could be key factors against Modi's chances. Mum argued that levels of corruption had been lower and India was progressing under him. Speaker 2 hoped he would reduce petrol prices before election since Brent was already back to $70. Mum also hoped the same.",SMS,M47093399_3460548446
"Speaker 1 greeted Speaker 2 after a long absence, to which Speaker 2 replied about being busy lately. The topic then shifted, introduced by Speaker 1, to the current state of the weather and its repercussions, which led to a mention of the unpredictable rain. Speaker 1 brought up the surge in tomato prices, with Speaker 2 confirming and attributing it partly to the climatic changes. The discourse then delved into the environmental challenges, where Speaker 1 emphasised the alarming plastic waste from food deliveries. However, providing a glimmer of hope, Speaker 1 spoke of a Bengaluru-based start-up that's working to tackle such issues.

Speaker 2 then mistakenly transitioned the conversation to ""global boiling,"" instead of ""global warming,"" leading them to discuss the severe implications on flora and fauna. Delving deeper, Speaker 2 remarked on forest fires, using the extensive one in the Amazon as an example. The plight of displaced animals due to human advancements was then touched upon, with both recognising the resulting wildlife-human confrontations.

Towards the end, on a positive note initiated by Speaker 1, they discussed the growth in wildlife sanctuaries and the resurgence of specific animal populations. The conversation wrapped up with Speaker 2 suggesting they meet up again soon to continue their discussion.",SMS,M47326493_3482735170
"Speaker 1 initiated the conversation by revealing a significant thought they'd been having about running for a parliamentary position in their home country, emphasising their worries about being away for 16 years and potential name recognition challenges. Speaker 2 then transitioned the discussion by suggesting the importance of Speaker 1's international experience as a unique asset and then navigated the conversation to campaign strategies. Speaker 1, driven by Speaker 2's insights, raised concerns about competing with the opposition party candidate's local popularity. Pivoting on this, Speaker 2 offered a variety of strategies ranging from leveraging Speaker 1's contacts and social media to attending local community events. The conversation delved deeper into campaign messaging, with Speaker 1 highlighting their core issues of education and healthcare, and Speaker 2 stressing the need for clear communication and authenticity. Toward the end, Speaker 1 expressed profound gratitude for Speaker 2's invaluable guidance, and Speaker 2 ended by reiterating their unwavering support for Speaker 1's ambitions.",SMS,M47321645_3483511990
"Keith called his mother to get some advice about his finances and career. He told her that he was not enjoying his current job, which paid around 25,000 pounds per year, and wanted to make a change, but was worried it would require moving and negatively impact his salary. His mother asked about his financial situation and long-term goals. Keith shared that he wanted to retire by 55, so was hoping to move into the finance industry and increase his salary to 100,000 pounds within 5 years.

His mother was sceptical that such a high salary goal was realistic. Keith explained he had some friends working in finance in London earning much more than him, giving him hope. But his mother pointed out the high cost of living in London. Keith said he was willing to make sacrifices and work long hours now to build savings for the future. He mentioned a potential job opportunity in Sheffield that could lead to higher pay down the road.

After more discussion, Keith's mother encouraged him to balance finances with quality of life when making career decisions. She wanted him to be happy too, not just focused on money. Keith said financial stability was currently impacting his daily life, so he felt a change was needed. They agreed he should explore the Sheffield job further before deciding.",Transcript,A8490917_20230803-161419
"Speaker 1 initiated the conversation, expressing interest in discussing global affairs and politics. They particularly highlighted their concerns about ongoing geopolitical tensions and the shifting power dynamics. Seeking Speaker 2's viewpoint, Speaker 1 elaborated on the complexities of these tensions, emphasising the importance of understanding their historical, economic, and cultural roots.

Following this, Speaker 1 shifted the subject to the crucial role of diplomacy and multilateral institutions in handling these tensions. Both agreed on the significance of international cooperation, with Speaker 2 underlining the roles of platforms like the United Nations in conflict resolution.

Speaker 1 then steered the conversation towards global finance and the interconnectedness of economies. Speaker 2 provided insights on the balance of economic policies and the effects on both developed and developing economies. Introducing another pivotal topic, Speaker 1 brought up climate change and the responsibility of governments and businesses. They both concurred on the importance of sustainable practises, with Speaker 2 elaborating on how governments should incentivise sustainable initiatives.

Throughout their discourse, the two speakers frequently touched upon the value of their discussions. They appreciated the mutual learning they derived from their exchanges. As they neared the end, Speaker 1 expressed gratitude for the insights shared, and Speaker 2 reciprocated the sentiment, looking forward to future discussions. Both concluded with mutual admiration and anticipation for their next interaction.",SMS,M47310430_3483511829
"In this conversation, Dad and Speaker 2 talked about a local politician and his wife, whose son Jammy was dating.

Dad told Speaker 2 that the local politician who owed their relative a lot of money was seen during mass. Speaker 2 expressed distaste for the politician and his wife, and mentioned that she did not vote for him. Dad revealed that the politician's wife was rumoured to have attained her diploma at Retco. Speaker 2 was aware and mentioned that it was the reason she couldn't work with the government anymore. Speaker 2 also mentioned that the politician's stepson was Jammy's boyfriend. She added that the politician's family were against their relationship and often tried to sabotage them. Speaker 2 mentioned that it was because the politician's wife wanted to set up the son with a girl from a strong political family to strengthen their own political status. Speaker 2 then narrated some of the events where the politician's wife displayed paranoia. Dad then mentioned that there was internal crisis in the politician's wife's prayer brigade and community.",SMS,M47318069_3474909573
"In the conversation, the Speakers discussed the latest entertainment trends.

Speaker 1 mentioned a suspense thriller movie set in a futuristic world where Artificial Intelligence has taken over, and the protagonist must face challenges to save humanity. Speaker 2 expressed interest and added it to his watchlist. The Speakers discussed a fantasy novel called ""The Lost Kingdom Chronicles"" with an intricate magic system that Speaker 1 highly recommended. Speaker 2 planned to check it out. Speaker 1 also talked about a new Sci-fi television series about exploring time travel and alternate realities, which Speaker 2 was intrigued by.

The Speakers discussed an indie band with meaningful lyrics and unique melodies that Speaker 1 has been listening to on repeat. Speaker 1 shared a link to the band's latest single with Speaker 2.

The conversation ended with Speaker 2 expressing interest in more entertainment recommendations.",SMS,M47313022_3467092651
"In this conversation over several days, Tim and Hillary shared their school frustrations and planned a couple of study sessions together.

Tim and Hillary complained to each other about the stress of medical school and how the endless workload had been draining them. Tim then asked if Hillary had adopted any study techniques to help with the load. Hillary responded that she had been making detailed study schedules to help with the load but distractions were still a challenge. Tim then mentioned that he started using the Pomodoro technique for better time management and it had been helpful. He added that he employed the method of studying for 25 minutes, taking a five-minute break, and repeating the process. Hillary then decided to give the technique a try. Tim then suggested participating in group study sessions. Hillary replied that she had thought about it but she found it distracting. Tim replied that group sessions had their benefits and they could clarify doubts by quizzing each other. Hillary agreed it was worth a shot and asked that they plan a study session together. The speakers agreed to meet at the library on Saturday afternoon for the session. Tim then decided to bring practice questions for them to test themselves.

On another day, Hillary asked if Tim had checked the results that were released that day. Tim had checked and both speakers expressed disappointment at their results. They expressed their frustration at studying so hard and having nothing to show for it. Tim and Hillary then agreed not to be held down by the setback and decided to have an intensive study session at the library by 3 p.m. on Friday.",SMS,M47328537_3483808894
"In the past, Speaker 1 initiated a conversation with Speaker 2, expressing anxiety about a topic they wanted to discuss. Speaker 1 revealed their growing feelings for Speaker 2 and their desire to deepen the relationship. Speaker 2 received this revelation positively, acknowledging a mutual connection and shared interests.

Speaker 1 proposed moving the relationship to an official status, a suggestion met with agreement from Speaker 2. Both seemed to have had similar feelings towards each other. The pair then moved on to discuss key elements of a successful relationship, such as building trust, understanding, open communication, and mutual support.

Speaker 1 expressed a desire for the relationship to grow and for them to support and encourage each other through both joys and challenges. Speaker 2 concurred, highlighting the importance of addressing any concerns or issues openly. They both agreed on the need for transparency, understanding, and open discussions to navigate their journey together and avoid misunderstandings.

In the end, Speaker 1 thanked Speaker 2 for being receptive to the conversation, indicating its importance for strengthening their bonds. Speaker 2 also expressed belief in their potential as a couple. Both expressed excitement about the future of the relationship and prioritised its growth. The conversation concluded with mutual expressions of gratitude for sharing feelings and intentions, along with good wishes for their relationship.",SMS,M47303686_3467092419
"In this conversation, the speakers discussed performing a song at a birthday celebration.

Speaker 1 invited Speaker 2 to sing a song together at a forthcoming birthday party, which was for Speaker 1's aunt, and mentioned the need to practise for the music presentation. Speaker 2 agreed and asked for more details about the event, while suggesting songs by artists like Selena Gomez, Justin Bieber and Taylor Swift. Speaker 1 approved of all the artists mentioned and suggested specific songs for each artist.

Speaker 2 agreed on singing 'Love Story' by Taylor Swift and asked about the band arrangement. Speaker 1 promised to gather information and inform Speaker 2 in advance. Speaker 2 expressed excitement and gratitude to Speaker 1 for the invitation.",SMS,M47305107_3451767509
